#;Nom;Categorie;Fr;;Be;;Ch;;Ca;;Lu;
;;;;;;;;;;;;
;;;;;;;;;;;;
;;;;;;;;;;;;
;;;;;;;;;;;;
;;;;;;;;;;;;
;;;;;;;;;;;;
;;;;;;;;;;;;
;;;;;;;;;;;;
;;;;;;;;;;;;
;;;;;;;;;;;;
;;;;;;;;;;;;
;;;;;;;;;;;;
;;;;;;;;;;;;
;;;;;;;;;;;;
;;;;;;;;;;;;
;;;;;;;;;;;;
;;;;;;;;;;;;
;;;;;;;;;;;;
;;;;;;;;;;;;
;;;;;;;;;;;;
;;;;;;;;;;;;
;;;;;;;;;;;;
;;;;;;;;;;;;
;;;;;;;;;;;;
;;;;;;;;;;;;
;;;;;;;;;;;;
;;;;;;;;;;;;
;;;;;;;;;;;;
;;;;;;;;;;;;
;;;;;;;;;;;;
;;;;;;;;;;;;
;;;;;;;;;;;;
;;;;;;;;;;;;
;;;;;;;;;;;;
;;;;;;;;;;;;
;;;;;;;;;;;;
;;;;;;;;;;;;
;;;;;;;;;;;;
;;;;;;;;;;;;
;;;;;;;;;;;;
;;;;;;;;;;;;
;;;;;;;;;;;;
;;;;;;;;;;;;
;;;;;;;;;;;;
;;;;;;;;;;;;
;;;;;;;;;;;;
;;;;;;;;;;;;
;;;;;;;;;;;;
;;;;;;;;;;;;
;;;;;;;;;;;;
;;;;;;;;;;;;
;;;;;;;;;;;;
;;;;;;;;;;;;
;;;;;;;;;;;;
;;;;;;;;;;;;
;;;;;;;;;;;;
;;;;;;;;;;;;
;;;;;;;;;;;;
;;;;;;;;;;;;
;;;;;;;;;;;;
;;;;;;;;;;;;
;;;;;;;;;;;;
;;;;;;;;;;;;
;;;;;;;;;;;;
;;;;;;;;;;;;
;;;;;;;;;;;;
;;;;;;;;;;;;
;;;;;;;;;;;;
;;;;;;;;;;;;
;;;;;;;;;;;;
;;;;;;;;;;;;
;;;;;;;;;;;;
1;Accueil;Univers;agents gratuite en ligne et par téléphone - Spiriteo;53;Divination gratuite en ligne pour la Belgique - Spiriteo;56;Esotérisme gratuit en ligne pour la Suisse - Spiriteo;53;agents gratuite en ligne, par téléphone Canada - Spiriteo;58;Site de agents en ligne gratuit au Luxembourg - Spiriteo;57
2;Astrologues;Univers;Astrologie gratuite en ligne et par téléphone - Spiriteo ;57;Astrologue gratuit, consultation en ligne - Spiriteo;52;Prévisions astrologiques gratuites en ligne - Spiriteo;54;Astrologie gratuite votre ascendant en ligne - Spiriteo;55;Consultation astrologique gratuite en ligne - Spiriteo;54
3;Cartomanciens;Univers;agents cartomancie tirage gratuit en ligne - Spiriteo;54;Cartomancien, consultation  gratuite en ligne - Spiriteo;56;Tirage de cartomancie en ligne gratuit - Spiriteo;49;Cartomancie, tirage croisé gratuit en ligne - Spiriteo;54;Tirage par cartomancien gratuit en ligne - Spiriteo;51
5;Voyants & Mediums;Univers;Voyant, medium gratuit en ligne - Spiriteo ;43;Medium gratuit et agents en ligne - Spiriteo;45;agents par téléphone et médiums - Spiriteo;43;agents gratuite en ligne et par téléphone - Spiriteo;53;Voyants en ligne et médiums gratuits - Spiriteo;47
6;Numérologues;Univers;agents gratuite, numerologie chemin de vie - Spiriteo;54;Thème numérologique gratuit en ligne - Spiriteo;47;Numérologie gratuite en ligne et direct - Spiriteo;50;Numerologie en ligne, tarot, chemin de vie - Spiriteo;53;Numérologues en ligne, consultation gratuite - Spiriteo;55
7;Tarologues;Univers;Tirage tarot gratuit en ligne,  par téléphone - Spiriteo ;57;Tarologue gratuit en ligne et en direct - Spiriteo;50;Tarologie gratuite en ligne et en direct - Spiriteo;51;Tarot divinatoire en ligne et par telephone - Spiriteo;54;Tarologue, consultations en ligne - Spiriteo;44
20;Magnétiseurs;Univers;Guerisseur magnetiseur en ligne, par téléphone - Spiriteo;57;Magnetiseur guérisseur par téléphone, en ligne - Spiriteo;57;Magnétiseurs gratuits en ligne, par téléphone - Spiriteo;56;Le magnetisme humain consultation en ligne - Spiriteo;53;Guérir par les mains, magnétisme gratuit - Spiriteo;51
